breed_id,breed_name,species,current_count,target_count,missing_count,status
buffalo_banni,Banni,buffalo,3,50,47,UNDER_SUPPORTED
buffalo_bargur,Bargur,buffalo,6,50,44,UNDER_SUPPORTED
buffalo_bhadawari,Bhadawari,buffalo,2,50,48,UNDER_SUPPORTED
buffalo_chhattisgarhi,Chhattisgarhi,buffalo,2,50,48,UNDER_SUPPORTED
buffalo_chilika,Chilika,buffalo,2,50,48,UNDER_SUPPORTED
buffalo_dharwadi,Dharwadi,buffalo,2,50,48,UNDER_SUPPORTED
buffalo_gojri,Gojri,buffalo,2,50,48,UNDER_SUPPORTED
buffalo_gomanchali,Gomanchali,buffalo,3,50,47,UNDER_SUPPORTED
buffalo_jaffarabadi,Jaffarabadi,buffalo,2,50,48,UNDER_SUPPORTED
buffalo_kalahandi,Kalahandi,buffalo,2,50,48,UNDER_SUPPORTED
buffalo_luit_swamp,Luit (Swamp),buffalo,2,50,48,UNDER_SUPPORTED
buffalo_manah,Manah,buffalo,2,50,48,UNDER_SUPPORTED
buffalo_manda,Manda,buffalo,31,50,19,UNDER_SUPPORTED
buffalo_marathwadi,Marathwadi,buffalo,2,50,48,UNDER_SUPPORTED
buffalo_mehsana,Mehsana,buffalo,9,50,41,UNDER_SUPPORTED
buffalo_melghati,Melghati,buffalo,2,50,48,UNDER_SUPPORTED
buffalo_murrah,Murrah,buffalo,10,50,40,UNDER_SUPPORTED
buffalo_nagpuri,Nagpuri,buffalo,11,50,39,UNDER_SUPPORTED
buffalo_nili_ravi,Nili Ravi,buffalo,3,50,47,UNDER_SUPPORTED
buffalo_pandharpuri,Pandharpuri,buffalo,2,50,48,UNDER_SUPPORTED
buffalo_purnathadi,Purnathadi,buffalo,2,50,48,UNDER_SUPPORTED
buffalo_surti,Surti,buffalo,21,50,29,UNDER_SUPPORTED
buffalo_toda,Toda,buffalo,17,50,33,UNDER_SUPPORTED
cow_amritmahal,Amritmahal,cattle,6,50,44,UNDER_SUPPORTED
cow_bachaur,Bachaur,cattle,23,50,27,UNDER_SUPPORTED
cow_badri,Badri,cattle,17,50,33,UNDER_SUPPORTED
cow_bargur,Bargur,cattle,7,50,43,UNDER_SUPPORTED
cow_belahi,Belahi,cattle,2,50,48,UNDER_SUPPORTED
cow_binjharpuri,Binjharpuri,cattle,2,50,48,UNDER_SUPPORTED
cow_dagri,Dagri,cattle,2,50,48,UNDER_SUPPORTED
cow_dangi,Dangi,cattle,43,50,7,UNDER_SUPPORTED
cow_deoni,Deoni,cattle,4,50,46,UNDER_SUPPORTED
cow_gangatiri,Gangatiri,cattle,8,50,42,UNDER_SUPPORTED
cow_gaolao,Gaolao,cattle,33,50,17,UNDER_SUPPORTED
cow_ghumusari,Ghumusari,cattle,1,50,49,UNDER_SUPPORTED
cow_gir,Gir,cattle,31,50,19,UNDER_SUPPORTED
cow_hallikar,Hallikar,cattle,6,50,44,UNDER_SUPPORTED
cow_hariana,Hariana,cattle,3,50,47,UNDER_SUPPORTED
cow_himachali_pahari,Himachali Pahari,cattle,2,50,48,UNDER_SUPPORTED
cow_kangayam,Kangayam,cattle,17,50,33,UNDER_SUPPORTED
cow_kankrej,Kankrej,cattle,15,50,35,UNDER_SUPPORTED
cow_kathani,Kathani,cattle,2,50,48,UNDER_SUPPORTED
cow_kenkatha,Kenkatha,cattle,2,50,48,UNDER_SUPPORTED
cow_khariar,Khariar,cattle,1,50,49,UNDER_SUPPORTED
cow_kherigarh,Kherigarh,cattle,2,50,48,UNDER_SUPPORTED
cow_khillar,Khillar,cattle,2,50,48,UNDER_SUPPORTED
cow_konkan_kapila,Konkan Kapila,cattle,2,50,48,UNDER_SUPPORTED
cow_koppal,Koppal,cattle,3,50,47,UNDER_SUPPORTED
cow_kosali,Kosali,cattle,1,50,49,UNDER_SUPPORTED
cow_krishna_valley,Krishna Valley,cattle,2,50,48,UNDER_SUPPORTED
cow_ladakhi,Ladakhi,cattle,5,50,45,UNDER_SUPPORTED
cow_lakhimi,Lakhimi,cattle,2,50,48,UNDER_SUPPORTED
cow_mahakaushali,Mahakaushali,cattle,2,50,48,UNDER_SUPPORTED
cow_malnad_gidda,Malnad Gidda,cattle,2,50,48,UNDER_SUPPORTED
cow_malvi,Malvi,cattle,3,50,47,UNDER_SUPPORTED
cow_masilum,Masilum,cattle,2,50,48,UNDER_SUPPORTED
cow_medini,Medini,cattle,3,50,47,UNDER_SUPPORTED
cow_mewati,Mewati,cattle,2,50,48,UNDER_SUPPORTED
cow_motu,Motu,cattle,2,50,48,UNDER_SUPPORTED
cow_nagori,Nagori,cattle,17,50,33,UNDER_SUPPORTED
cow_nari,Nari,cattle,3,50,47,UNDER_SUPPORTED
cow_nimari,Nimari,cattle,12,50,38,UNDER_SUPPORTED
cow_ongole,Ongole,cattle,29,50,21,UNDER_SUPPORTED
cow_periyar,Periyar,cattle,6,50,44,UNDER_SUPPORTED
cow_poda_thurpu,Poda Thurpu,cattle,2,50,48,UNDER_SUPPORTED
cow_ponwar,Ponwar,cattle,3,50,47,UNDER_SUPPORTED
cow_pulikulam,Pulikulam,cattle,2,50,48,UNDER_SUPPORTED
cow_punganur,Punganur,cattle,16,50,34,UNDER_SUPPORTED
cow_purnea,Purnea,cattle,2,50,48,UNDER_SUPPORTED
cow_rathi,Rathi,cattle,2,50,48,UNDER_SUPPORTED
cow_red_kandhari,Red Kandhari,cattle,3,50,47,UNDER_SUPPORTED
cow_red_sindhi,Red Sindhi,cattle,5,50,45,UNDER_SUPPORTED
cow_rohilkhandi,Rohilkhandi,cattle,2,50,48,UNDER_SUPPORTED
cow_sahiwal,Sahiwal,cattle,22,50,28,UNDER_SUPPORTED
cow_sanchori,Sanchori,cattle,2,50,48,UNDER_SUPPORTED
cow_shweta_kapila,Shweta Kapila,cattle,2,50,48,UNDER_SUPPORTED
cow_siri,Siri,cattle,21,50,29,UNDER_SUPPORTED
cow_tharparkar,Tharparkar,cattle,11,50,39,UNDER_SUPPORTED
cow_thutho,Thutho,cattle,2,50,48,UNDER_SUPPORTED
cow_umarda,Umarda,cattle,2,50,48,UNDER_SUPPORTED
cow_umblachery,Umblachery,cattle,2,50,48,UNDER_SUPPORTED
cow_vechur,Vechur,cattle,19,50,31,UNDER_SUPPORTED
